"elmID","orig_regexp","masking_regex","replacement_string"
"DEG_APCC_DBOX_1",".R..L..[LIVM].","(.)R(..)L(..[LIVM].)","\1_\2_\3"
"DEG_APCC_KENBOX_2",".KEN.","(.)KEN(.)","\1___\2"
"DEG_APCC_TPR_1",".[ILM]R$","(.[ILM])R$","\1_"
"DEG_COP1_1","[STDE]{1,3}.{0,2}[TSDE].{2,3}VP[STDE]G{0,1}[FLIMVYPA]","([STDE]{1,3}.{0,2}[TSDE].{2,3})VP([STDE]G{0,1}[FLIMVYPA])","\1__\2"
"DEG_CRL4_CDT2_1","[NQ]{0,1}..[ILMV][ST][DEN][FY][FY].{2,3}[KR]{2,3}[^DE]","([NQ]{0,1}..[ILMV][ST][DEN][FY][FY].{2,3}[KR]{2,3}[^DE])","\1"
"DEG_Kelch_Keap1_1","[DNS].[DES][TNS]GE","([DNS].[DES][TNS])GE","\1__"
"DEG_Kelch_KLHL3_1","E.EE.E[AV]DQH","E(.)EE(.)E([AV])DQH","_\1__\2_\3___"
"DEG_MDM2_SWIB_1","F[^P]{3}W[^P]{2,3}[VIL]","F([^P]{3})W([^P]{2,3}[VIL])","_\1_\2"
"DEG_ODPH_VHL_1","[IL]A(P).{6,8}[FLIVM].[FLIVM]","([IL])AP(.{6,8}[FLIVM].[FLIVM])","\1__\2"
"DEG_SCF_COI1_1","..[RK][RK].SL..F[FLM].[RK]R[HRK].[RK].","(..[RK][RK].)SL(..)F([FLM].[RK])R([HRK].[RK].)","\1__\2_\3_\4"
"DEG_SCF_FBW7_1","[LIVMP].{0,2}(T)P..([ST])","([LIVMP].{0,2})TP(..[ST])","\1__\2"
"DEG_SCF_FBW7_2","[LIVMP].{0,2}(T)P..E","([LIVMP].{0,2})TP(..)E","\1__\2_"
"DEG_SCF_SKP2-CKS1_1","..[DE].(T)P.K","(..[DE].)TP(.)K","\1__\2_"
"DEG_SCF_TIR1_1",".[VLIA][VLI]GWPP[VLI]...R.","(.[VLIA][VLI])GWPP([VLI]...)R(.)","\1____\2_\3"
"DEG_SCF_TRCP1_1","D(S)G.{2,3}([ST])","DSG(.{2,3}[ST])","___\1"
"DEG_SIAH_1",".P.A.V.P[^P]","(.)P(.)A(.)V(.)P([^P])","\1_\2_\3_\4_\5"
"DEG_SPOP_SBC_1","[AVP].[ST][ST][ST]","([AVP].[ST][ST][ST])","\1"
"DOC_ANK_TNKS_1",".R..[PGAV][DEIP]G.","(.)R(..[PGAV][DEIP])G(.)","\1_\2_\3"
"DOC_CKS1_1","[MPVLIFWYQ].(T)P..","([MPVLIFWYQ].)TP(..)","\1__\2"
"DOC_CYCLIN_RxL_1","(.|([KRH].{0,3}))[^EDWNSG][^D][RK][^D]L.{0,1}[FL].{0,3}[EDST]","(.|([KRH].{0,3}))([^EDWNSG][^D][RK][^D])L(.{0,1}[FL].{0,3}[EDST])","\1\3_\4"
"DOC_GSK3_Axin_1","V[ED]P[^P][RK]FA[^P]ELI[^P]RLE[^P][VIL]","V([ED])P([^P][RK])FA([^P])ELI([^P])RLE([^P][VIL])","_\1_\2__\3___\4___\5"
"DOC_MAPK_DCC_7","[RK].{2,4}[LIVP]P.[LIV].[LIVMF]|[RK].{2,4}[LIVP].P[LIV].[LIVMF]","([RK].{2,4}[LIVP])P(.[LIV].[LIVMF])|([RK].{2,4}[LIVP].)P([LIV].[LIVMF])","\1\3_\2\4"
"DOC_MAPK_FxFP_2","F.[FY]P","F(.[FY])P","_\1_"
"DOC_MAPK_gen_1","[KR]{0,2}[KR].{0,2}[KR].{2,4}[ILVM].[ILVF]","([KR]{0,2}[KR].{0,2}[KR].{2,4}[ILVM].[ILVF])","\1"
"DOC_MAPK_GRA24_9","[LIV][^P][^P][RK][RK]G.{3,6}[LIVP]P.[LIV].[LIVMF]|[LIV][^P][^P][RK][RK]G.{3,6}[LIVP].P[LIV].[LIVMF]","([LIV][^P][^P][RK][RK])G(.{3,6}[LIVP])P(.[LIV].[LIVMF])|([LIV][^P][^P][RK][RK])G(.{3,6}[LIVP].)P([LIV].[LIVMF])","\1\4_\2\5_\3\6"
"DOC_MAPK_HePTP_8","([LIV][^P][^P][RK]....[LIVMP].[LIV].[LIVMF])|([LIV][^P][^P][RK][RK]G.{4,7}[LIVMP].[LIV].[LIVMF])",NA,NA
"DOC_MAPK_JIP1_4","[RK]P[^P][^P]L.[LIVMF]","([RK])P([^P][^P])L(.[LIVMF])","\1_\2_\3"
"DOC_MAPK_MEF2A_6","[RK].{2,4}[LIVMP].[LIV].[LIVMF]","([RK].{2,4}[LIVMP].[LIV].[LIVMF])","\1"
"DOC_MAPK_NFAT4_5","[RK][^P][^P][LIM].L.[LIVMF].","([RK][^P][^P][LIM].)L(.[LIVMF].)","\1_\2"
"DOC_MAPK_RevD_3","[LIVMPFA].[LIV].{1,2}[LIVMP].{4,6}[LIV]..[RK][RK]","([LIVMPFA].[LIV].{1,2}[LIVMP].{4,6}[LIV]..[RK][RK])","\1"
"DOC_PIKK_1","[DEN][DEN].{2,3}[ILMVA][DEN][DEN]L","([DEN][DEN].{2,3}[ILMVA][DEN][DEN])L","\1_"
"DOC_PP1_MyPhoNE_1","R[^P][DEQ]Q[VIL]([RK][^P]|[^P][RK])[YW]","R([^P][DEQ])Q([VIL])([RK][^P]|[^P][RK])([YW])","_\1_\2\3\4"
"DOC_PP1_RVXF_1","..[RK].{0,1}[VIL][^P][FW].","(..[RK].{0,1}[VIL][^P][FW].)","\1"
"DOC_PP1_SILK_1",".[GS]IL[KR][^DE]","(.[GS])IL([KR][^DE])","\1__\2"
"DOC_PP2A_B56_1","([LMFYWIC]..I.E)|(L..[IVLWC].E).","(([LMFYWIC]..)I(.)E)|(L(..[IVLWC].)E)(.)","\2_\3\5_\6"
"DOC_PP2B_LxvP_1","L.VP","L(.)VP","_\1__"
"DOC_PP2B_PxIxIT_1","P[^P][ILVF][^P][ILVF][TSHDEQNKR]","P([^P][ILVF][^P][ILVF][TSHDEQNKR])","_\1"
"DOC_PP4_FxxP_1","F..P","F(..)P","_\1_"
"DOC_PP4_MxPP_1","M.PP","M(.)PP","_\1__"
"DOC_SPAK_OSR1_1","RF[^P][IV].","RF([^P][IV].)","__\1"
"DOC_USP7_MATH_1","[PA][^P][^FYWIL]S[^P]","([PA][^P][^FYWIL])S([^P])","\1_\2"
"DOC_USP7_MATH_2","P.E[^P].S[^P]","P(.)E([^P].)S([^P])","_\1_\2_\3"
"DOC_USP7_UBL2_3","K...K","K(...)K","_\1_"
"DOC_WD40_RPTOR_TOS_1","F[EDQS][MILV][ED][MILV]((.{0,1}[ED])|($))","F([EDQS][MILV][ED][MILV]((.{0,1}[ED])|($)))","_\1"
"DOC_WW_Pin1_4","...([ST])P.","(...)[ST]P(.)","\1__\2"
"LIG_14-3-3_CanoR_1","R[^DE]{0,2}[^DEPG]([ST])(([FWYLMV].)|([^PRIKGN]P)|([^PRIKGN].{2,4}[VILMFWYP]))","R([^DE]{0,2}[^DEPG]([ST])(([FWYLMV].)|([^PRIKGN]P)|([^PRIKGN].{2,4}[VILMFWYP])))","_\1"
"LIG_14-3-3_CterR_2","R[^DE]{0,2}[^DEPG]([ST])[^P]{0,1}$","R([^DE]{0,2}[^DEPG][ST][^P]{0,1})$","_\1"
"LIG_Actin_RPEL_3","[IL]..[^P][^P][^P][^P]R.....[IL]..[^P][^P][ILV][ILM]","([IL]..[^P][^P][^P][^P])R(.....[IL]..[^P][^P][ILV][ILM])","\1_\2"
"LIG_Actin_WH2_1","R..[ILVMF][ILMVF][^P][^P][ILVM].{4,7}L(([KR].)|(NK))[VATI]","R(..[ILVMF][ILMVF][^P][^P][ILVM].{4,7})L((([KR].)|(NK))[VATI])","_\1_\2"
"LIG_Actin_WH2_2","[^R]..((.[ILMVF])|([ILMVF].))[^P][^P][ILVM].{4,7}L(([KR].)|(NK))[VATIGS]","([^R]..((.[ILMVF])|([ILMVF].))[^P][^P][ILVM].{4,7})L((([KR].)|(NK))[VATIGS])","\1_\5"
"LIG_ANK_PxLPxL_1","P.LP.[IL].{1,3}[VLF]","P(.)LP(.[IL].{1,3}[VLF])","_\1__\2"
"LIG_AP2alpha_1","F.D.F","F(.)D(.)F","_\1_\2_"
"LIG_AP2alpha_2","DP[FW]","DP([FW])","__\1"
"LIG_APCC_ABBA_1","[ILVMF].[ILMVP][FHY].[DE]","([ILVMF].[ILMVP][FHY].[DE])","\1"
"LIG_APCC_ABBAyCdc20_2","[KR]..[ILVM][FHY].[DE]","([KR]..[ILVM][FHY].[DE])","\1"
"LIG_APCC_Cbox_1","[DE]R[YFH][ILFVM][PAG].R","([DE])R([YFH][ILFVM][PAG].)R","\1_\2_"
"LIG_APCC_Cbox_2","DR[YFH][ILFVM][PA]..","DR([YFH][ILFVM][PA]..)","__\1"
"LIG_AP_GAE_1","[DE][DES][DEGAS]F[SGAD][DEAP][LVIMFD]","([DE][DES][DEGAS])F([SGAD][DEAP][LVIMFD])","\1_\2"
"LIG_BH_BH3_1","....[LIFVYMTE][ASGC][^P]{2}L[^P]{2}[IVMTL][GACS][D][^P][FVLMI].","(....[LIFVYMTE][ASGC][^P]{2})L([^P]{2}[IVMTL][GACS])[D]([^P][FVLMI].)","\1_\2_\3"
"LIG_BIR_III_2","DA.P.","DA(.)P(.)","__\1_\2"
"LIG_BIR_III_3","^M{0,1}A.[AP].","^M{0,1}A(.[AP].)","__\1"
"LIG_BIR_III_4","DA.G.","DA(.)G(.)","__\1_\2"
"LIG_BRCT_BRCA1_1",".(S)..F","(.)S(..)F","\1_\2_"
"LIG_BRCT_MDC1_1",".(S)..Y$","(.)S(..)Y$","\1_\2_"
"LIG_CaM_IQ_9","[ACLIVTM][^P][^P][ILVMFCT]Q[^P][^P][^P][RK][^P]{4,5}[RKQ][^P][^P]","([ACLIVTM][^P][^P][ILVMFCT])Q([^P][^P][^P][RK][^P]{4,5}[RKQ][^P][^P])","\1_\2"
"LIG_CaMK_CASK_1","[STED].{0,2}[IV]W[IVLM].[RHK]","([STED].{0,2}[IV])W([IVLM].[RHK])","\1_\2"
"LIG_CAP-Gly_1","[ED].{0,2}[ED].{0,2}[EDQ].{0,1}[YF]$","([ED].{0,2}[ED].{0,2}[EDQ].{0,1}[YF])$","\1"
"LIG_CAP-Gly_2",".W[RK][DE]GCY$","(.)W([RK][DE])GCY$","\1_\2___"
"LIG_Clathr_ClatBox_1","L[IVLMF].[IVLMF][DE]","L([IVLMF].[IVLMF][DE])","_\1"
"LIG_Clathr_ClatBox_2",".[NP]W[DES].W","(.[NP])W([DES].)W","\1_\2_"
"LIG_CNOT1_NIM_1","[FY][^P].[WFY][^P]DY..L","([FY][^P].[WFY][^P])DY(..)L","\1__\2_"
"LIG_CORNRBOX","L[^P]{2,2}[HI]I[^P]{2,2}[IAV][IL]","L([^P]{2,2}[HI])I([^P]{2,2}[IAV][IL])","_\1_\2"
"LIG_CSK_EPIYA_1","EP[IL]Y[TAG]","EP([IL])Y([TAG])","__\1_\2"
"LIG_CSL_BTD_1","[AFILMPTVW]W[FHILMPSTVW]P","([AFILMPTVW])W([FHILMPSTVW])P","\1_\2_"
"LIG_CtBP_PxDLS_1","(P[LVIPME][DENS][LM][VASTRG])|(G[LVIPME][DENS][LM][VASTRG]((K)|(.[KR])))","(P([LVIPME][DENS][LM][VASTRG]))|(G([LVIPME][DENS][LM][VASTRG]((K)|(.[KR]))))","_\2\4"
"LIG_deltaCOP1_diTrp_1","[DE]{1,3}.{0,2}W.{1,6}[WF]","([DE]{1,3}.{0,2})W(.{1,6}[WF])","\1_\2"
"LIG_Dynein_DLC8_1","[^P].[KR].TQT","([^P].[KR].)TQT","\1___"
"LIG_EABR_CEP55_1",".A.GPP.{2,3}Y.","(.)A(.)GPP(.{2,3})Y(.)","\1_\2___\3_\4"
"LIG_EF_ALG2_ABM_1","P[PG]{0,1}YP.{1,6}Y[QS]{0,1}P","P([PG]{0,1})YP(.{1,6})Y([QS]{0,1})P","_\1__\2_\3_"
"LIG_EF_ALG2_ABM_2","P.P.{0,1}GF","P(.)P(.{0,1})GF","_\1_\2__"
"LIG_EH_1",".NPF.","(.)NPF(.)","\1___\2"
"LIG_EH1_1",".[FYH].[IVM][^WFYP][^WFYP][ILM][ILMV].","(.[FYH].[IVM][^WFYP][^WFYP][ILM][ILMV].)","\1"
"LIG_eIF4E_1","Y....L[VILMF]","Y(....)L([VILMF])","_\1_\2"
"LIG_eIF4E_2","Y.PP.[ILMV]R","Y(.)PP(.[ILMV])R","_\1__\2_"
"LIG_EVH1_1","([FYWL]P.PP)|([FYWL]PP[ALIVTFY]P)",NA,NA
"LIG_EVH1_2","PP..F","PP(..)F","__\1_"
"LIG_EVH1_3","[FY].[FW].....[LMVIF]P.P[DE]","([FY].[FW].....[LMVIF])P(.)P([DE])","\1_\2_\3"
"LIG_FAT_LD_1","[LV][DE][^P][LM][LM][^P][^P]L[^P]","([LV][DE][^P][LM][LM][^P][^P])L([^P])","\1_\2"
"LIG_FHA_1","..(T)..[ILV].","(..)T(..[ILV].)","\1_\2"
"LIG_FHA_2","..(T)..[DE].","(..)T(..[DE].)","\1_\2"
"LIG_FXI_DFP_1","[FYWHIL].DF[PD]","([FYWHIL].)DF([PD])","\1__\2"
"LIG_G3BP_FGDF_1","[FYLIMV].FG[DES]F","([FYLIMV].)FG([DES])F","\1__\2_"
"LIG_GBD_Chelix_1","[ILV][VA][^P][^P][LI][^P][^P][^P][LM]","([ILV][VA][^P][^P][LI][^P][^P][^P][LM])","\1"
"LIG_GSK3_LRP6_1","(([CP]PP)|(PP[TP]))[ST]P[^P][TS]{0,1}",NA,NA
"LIG_GYF","[QHR].{0,1}P[PL]PP[GS]H[RH]","([QHR].{0,1})P([PL])PP([GS])H([RH])","\1_\2__\3_\4"
"LIG_HCF-1_HBM_1","[DE]H.Y","([DE])H(.)Y","\1_\2_"
"LIG_HOMEOBOX","[FY][DEP]WM","([FY][DEP])WM","\1__"
"LIG_HP1_1","P[MVLIRWY]V[MVLIAS][LM]","P([MVLIRWY])V([MVLIAS][LM])","_\1_\2"
"LIG_IBAR_NPY_1","NPY","NPY","___"
"LIG_Integrin_isoDGR_2","NGR","NGR","___"
"LIG_IRFs_LxIS_1","[VILPFYM].{1,3}L.I(S)","([VILPFYM].{1,3})L(.)IS","\1_\2__"
"LIG_KLC1_WD_1","[LMTAFSRI][^KRG]W[DE].{3,5}[LIVMFPA]","([LMTAFSRI][^KRG])W([DE].{3,5}[LIVMFPA])","\1_\2"
"LIG_LIR_Gen_1","[EDST].{0,2}[WFY][^RKPGWFY][^PG][ILVFM]((.{0,4}[PLAFIVMY])|($)|(.{0,3}[ED]))","([EDST].{0,2}[WFY][^RKPGWFY][^PG][ILVFM]((.{0,4}[PLAFIVMY])|($)|(.{0,3}[ED])))","\1"
"LIG_LIR_Nem_3","[EDST].{0,2}[WFY]..[ILVFY]","([EDST].{0,2}[WFY]..[ILVFY])","\1"
"LIG_LYPXL_L_2","[ILVM]YP...[ILVM][^P][^P][LI]","([ILVM])YP(...[ILVM][^P][^P][LI])","\1__\2"
"LIG_LYPXL_S_1","[ILVMF]YP.[ILVMF]","([ILVMF])YP(.[ILVMF])","\1__\2"
"LIG_MAD2","[KR][IV][LV].....P","([KR][IV][LV].....)P","\1_"
"LIG_MLH1_MIPbox_1",".S.[FY][F]","(.)S(.[FY])F","\1_\2_"
"LIG_Mtr4_Trf4_1","[LFVAIMW].{3,5}[DE][FY][IL][SAPGK][FL].{3,6}[DE]{3}","([LFVAIMW].{3,5}[DE][FY][IL][SAPGK][FL].{3,6}[DE]{3})","\1"
"LIG_MYND_1","P.L.P","P(.)L(.)P","_\1_\2_"
"LIG_MYND_2","PP.LI","PP(.)LI","__\1__"
"LIG_MYND_3","[LMV]P.LE","([LMV])P(.)LE","\1_\2__"
"LIG_NBox_RRM_1","F..A[ILV]..A..[ILV]","F(..)A([ILV]..)A(..[ILV])","_\1_\2_\3"
"LIG_NRBOX","[^P]L[^P][^P]LL[^P]","([^P])L([^P][^P])LL([^P])","\1_\2__\3"
"LIG_NRP_CendR_1","[RK].{0,2}R$","([RK].{0,2})R$","\1_"
"LIG_OCRL_FandH_1",".F[^P][^P][KRIL]H[^P][^P][YLMFH][^P]...","(.)F([^P][^P][KRIL])H([^P][^P][YLMFH][^P]...)","\1_\2_\3"
"LIG_PAM2_1","..[LFP][NS][PIVTAFL].A..(([FY].[PYLF])|(W..)).",NA,NA
"LIG_PAM2_2","((WPP)|([FL][PV][APQ]))EF.PG.PWKG.",NA,NA
"LIG_PCNA_APIM_2","[MLIV].[KR][FY][MLIVF][LIV][KR]","([MLIV].[KR][FY][MLIVF][LIV][KR])","\1"
"LIG_PCNA_PIPBox_1","[QM].[^FHWY][LIVM][^P][^PFWYMLIV](([FYHL][FYW])|([FYH][FYWL]))..","([QM].[^FHWY][LIVM][^P][^PFWYMLIV](([FYHL][FYW])|([FYH][FYWL]))..)","\1"
"LIG_PCNA_TLS_4","[KR]..[ILM](([DE][^P][FY][FLI])|([G][^P][FY][FLI].{0,1}[KR]))",NA,NA
"LIG_PCNA_yPIPBox_3","([KR].{0,6}[QN].[^FHWY][LIVM][^P][^PFWYMLIV][FYLMWV][FYLMWVI])|([QN].[^FHWY][LIVM][^P][^PFWYMLIV][FYLMWV][FYLMWVI].{0,6}[KR])","(([KR].{0,6}[QN].[^FHWY][LIVM][^P][^PFWYMLIV][FYLMWV][FYLMWVI])|([QN].[^FHWY][LIVM][^P][^PFWYMLIV][FYLMWV][FYLMWVI].{0,6}[KR]))","\1"
"LIG_PDZ_Class_1","...[ST].[ACVILF]$","(...[ST].[ACVILF])","\1"
"LIG_PDZ_Class_2","...[VLIFY].[ACVILF]$","(...[VLIFY].[ACVILF])","\1"
"LIG_PDZ_Wminus1_1",".W[ACGILV]$","(.)W([ACGILV])","\1_\2"
"LIG_Pex14_1","W...[FY]","W(...[FY])","_\1"
"LIG_Pex14_2","F...[WF]","F(...[WF])","_\1"
"LIG_Pex14_3","LV.EF[LM]","LV(.)EF([LM])","__\1__\2"
"LIG_Pex3_1","L..LL...L..F","L(..)LL(...)L(..)F","_\1__\2_\3_"
"LIG_PROFILIN_1","PPP[PA]P((P[LGP])|([LG]P))","PPP([PA])P((P[LGP])|([LG]P))","___\1_\2"
"LIG_PTAP_UEV_1",".P[TS]AP.","(.)P([TS])AP(.)","\1_\2__\3"
"LIG_PTB_Apo_2","(.[^P].NP.[FY].)|(.[ILVMFY].N..[FY].)",NA,NA
"LIG_PTB_Phospho_1","(.[^P].NP.(Y))|(.[ILVMFY].N..(Y))","((.[^P].)N(P.)Y)|((.[ILVMFY].)N(..)Y)","\2\5_\3\6_"
"LIG_RB_pABgroove_1","..[LIMVA].[DE][LMF][FYM][IL]{0,1}([DE]|(S)).","(..[LIMVA].[DE][LMF][FYM][IL]{0,1}([DE]|(S)).)","\1"
"LIG_REV1ctd_RIR_1","..FF[^P]{0,2}[KR]{1,2}[^P]{0,4}","(..)FF([^P]{0,2}[KR]{1,2}[^P]{0,4})","\1__\2"
"LIG_Integrin_RGD_1","RGD","RGD","___"
"LIG_RPA_C_Vert","[KRS]I[^P][^P][NK][KR][^P][^P]A[^P][^P][RKL][RKL][^P][^P][RK]","([KRS])I([^P][^P][NK][KR][^P][^P])A([^P][^P][RKL][RKL][^P][^P][RK])","\1_\2_\3"
"LIG_RRM_PRI_1",".[ILVM]LG..P.","(.[ILVM])LG(..)P(.)","\1__\2_\3"
"LIG_Rrp6Rrp47_Mtr4_1","[ED]LF[^P][VC]F.{0,1}[ED]","([ED])LF([^P][VC])F(.{0,1}[ED])","\1__\2_\3"
"LIG_SH2_CRK","(Y)[^EPILVFYW][^HDEW][PLIV][^DEW]","Y([^EPILVFYW][^HDEW][PLIV][^DEW])","_\1"
"LIG_SH2_GRB2like","(Y)([EDST]|[MLIVAFYHQW])N.","Y([EDST]|[MLIVAFYHQW])N(.)","_\1_\2"
"LIG_SH2_NCK_1","([^KR][^KR](Y)[DE][^GWFY][AI][SDENQTAGYFP])|([^KR][^KR](Y)[STNA][^GWFY][PV][SDENQTAGYFP])|(..Y[DE][^GWFY][PV][SDENQTAGYFP])","(([^KR][^KR])Y([DE][^GWFY][AI][SDENQTAGYFP]))|(([^KR][^KR])Y([STNA][^GWFY][PV][SDENQTAGYFP]))|((..)Y([DE][^GWFY][PV][SDENQTAGYFP]))","\2\5\8_\3\6\9"
"LIG_SH2_PTP2","(Y)[IV].[VILP]","Y([IV].[VILP])","_\1"
"LIG_SH2_STAP1","(Y)[DESTA][^GP][^GP][ILVFMWYA]","Y([DESTA][^GP][^GP][ILVFMWYA])","_\1"
"LIG_SH2_STAT3","(Y)..Q","Y(..)Q","_\1_"
"LIG_SH2_STAT5","(Y)[VLTFIC]..","Y([VLTFIC]..)","_\1"
"LIG_SH3_1","[RKY]..P..P","([RKY]..)P(..)P","\1_\2_"
"LIG_SH3_2","P..P.[KR]","P(..)P(.[KR])","_\1_\2"
"LIG_SH3_3","...[PV]..P","(...[PV]..)P","\1_"
"LIG_SH3_PxxDY_5","P..DY","P(..)DY","_\1__"
"LIG_Sin3_1","[LIV]..[LM]L.AA.[FY][LI]","([LIV]..[LM])L(.)AA(.[FY][LI])","\1_\2__\3"
"LIG_Sin3_2","[FHYM].A[AV].[VAC]L[MV].[MI]","([FHYM].)A([AV].[VAC])L([MV].[MI])","\1_\2_\3"
"LIG_Sin3_3","[FA].[LA][LV][LVI]..[AM]","([FA].[LA][LV][LVI]..[AM])","\1"
"LIG_SPRY_1","[ED][LIV]NNN[^P]","([ED][LIV])NNN([^P])","\1___\2"
"LIG_SUMO_SIM_anti_2","[DEST]{1,10}.{0,1}[VIL][DESTVILMA][VIL][VILM].[DEST]{0,5}","([DEST]{1,10}.{0,1}[VIL][DESTVILMA][VIL][VILM].[DEST]{0,5})","\1"
"LIG_SUMO_SIM_par_1","[DEST]{0,5}.[VILPTM][VIL][DESTVILMA][VIL].{0,1}[DEST]{1,10}","([DEST]{0,5}.[VILPTM][VIL][DESTVILMA][VIL].{0,1}[DEST]{1,10})","\1"
"LIG_SxIP_EBH_1","([KR][^ED]{0,5}[ST].IP[^ED]{5,5})|([^ED]{5,5}[ST].IP[^ED]{0,5}[KR])","(.+)IP(.+)","\1__\2"
"LIG_TPR","EEVD$","EEVD","____"
"LIG_TRAF2like_MATH_shPxQ_1","P[LIVTFYHQE]Q[DET]","P([LIVTFYHQE])Q([DET])","_\1_\2"
"LIG_TRAF2like_MATH_loPxQ_2","[PM][LIVTFYHQE][QS].(([DE].)|(.[DE]))","([PM][LIVTFYHQE][QS].(([DE].)|(.[DE])))","\1"
"LIG_TRAF6_MATH_1","..P[^P]E[^P].[FYWHDE].","(..)P([^P])E([^P].[FYWHDE].)","\1_\2_\3"
"LIG_TRFH_1","[FY].L.P","([FY].)L(.)P","\1_\2_"
"LIG_TYR_ITAM","[DEN]..(Y)..[LI].{6,12}(Y)..[LI]","([DEN]..)Y(..[LI].{6,12})Y(..[LI])","\1_\2_\3"
"LIG_TYR_ITIM","[ILV].(Y)..[ILV]","([ILV].)Y(..[ILV])","\1_\2"
"LIG_ULM_U2AF65_1","[KR]{1,4}[KR].[KR]W.","([KR]{1,4}[KR].[KR])W(.)","\1_\2"
"LIG_Vh1_VBS_1","[VMILF][MILVFYHPA][^P][TASKHCV][AVSC][^P][^P][ILVMT][^P][^P][^P][LMTVI][^P][^P][LMVCT][ILVMCA][^P][^P][AIVLMTC]","([VMILF][MILVFYHPA][^P][TASKHCV][AVSC][^P][^P][ILVMT][^P][^P][^P][LMTVI][^P][^P][LMVCT][ILVMCA][^P][^P][AIVLMTC])","\1"
"LIG_WD40_WDR5_VDV_1","[ED].{0,3}[VIL]D[VI]","([ED].{0,3}[VIL])D([VI])","\1_\2"
"LIG_WD40_WDR5_WIN_1","[SCA]AR[STCA][EQR][PGILVM][HYFQNKRLVI]","([SCA])AR([STCA][EQR][PGILVM][HYFQNKRLVI])","\1__\2"
"LIG_WH1","ES[RK][FY].F[HR][PST][IVLM][DES][DE]","ES([RK][FY].)F([HR][PST][IVLM][DES][DE])","__\1_\2"
"LIG_WRPW_1","[WFY]RP[WFY].{0,7}$","([WFY])RP([WFY].{0,7})","\1__\2"
"LIG_WRPW_2","[WFY][KR]P[WFY]","([WFY][KR])P([WFY])","\1_\2"
"LIG_WW_1","PP.Y","PP(.)Y","__\1_"
"LIG_WW_2","PPLP","PPLP","____"
"LIG_WW_3",".PPR.","(.)PPR(.)","\1___\2"
"LIG_RB_LxCxE_1","([DEST]|^).{0,4}[LI].C.E.{1,4}[FLMIVAWPHY].{0,8}([DEST]|$)","(([DEST]|^).{0,4}[LI].)C(.)E(.{1,4}[FLMIVAWPHY].{0,8}([DEST]|$))","\1_\3_\4"
